{"cameraMode":{"drawMode":0,"name":"Shaded","section":"Shading Mode"},"sceneLighting":true,"audioPlay":false,"sceneViewState":{"showFog":false,"showMaterialUpdate":false,"showSkybox":false,"showFlares":false,"showImageEffects":false,"showParticleSystems":false},"in2DMode":false,"pivot":{"x":-7.864005088806152,"y":-2.050783395767212,"z":1.1810320615768433},"rotation":{"x":0.0978275015950203,"y":0.8609869480133057,"z":-0.46512848138809206,"w":0.18108418583869935},"size":13.36367416381836,"orthographic":false}